1,./people/Ben/56_.png
1,./people/Ben/18_.png
1,./people/Ben/137_.png
1,./people/Ben/191_.png
1,./people/Ben/189_.png
1,./people/Ben/23_.png
1,./people/Ben/118_.png
1,./people/Ben/88_.png
1,./people/Ben/40_.png
1,./people/Ben/136_.png
1,./people/Ben/51_.png
1,./people/Ben/199_.png
1,./people/Ben/66_.png
1,./people/Ben/164_.png
1,./people/Ben/10_.png
1,./people/Ben/15_.png
1,./people/Ben/149_.png
1,./people/Ben/161_.png
1,./people/Ben/151_.png
1,./people/Ben/41_.png
1,./people/Ben/47_.png
1,./people/Ben/176_.png
1,./people/Ben/146_.png
1,./people/Ben/123_.png
1,./people/Ben/33_.png
1,./people/Ben/124_.png
1,./people/Ben/27_.png
1,./people/Ben/35_.png
1,./people/Ben/49_.png
1,./people/Ben/72_.png
1,./people/Ben/100_.png
1,./people/Ben/121_.png
1,./people/Ben/111_.png
1,./people/Ben/94_.png
1,./people/Ben/64_.png
1,./people/Ben/166_.png
1,./people/Ben/1_.png
1,./people/Ben/152_.png
1,./people/Ben/14_.png
1,./people/Ben/95_.png
1,./people/Ben/197_.png
1,./people/Ben/50_.png
1,./people/Ben/43_.png
1,./people/Ben/182_.png
1,./people/Ben/190_.png
1,./people/Ben/31_.png
1,./people/Ben/61_.png
1,./people/Ben/13_.png
1,./people/Ben/109_.png
1,./people/Ben/99_.png
1,./people/Ben/36_.png
1,./people/Ben/106_.png
1,./people/Ben/108_.png
1,./people/Ben/48_.png
1,./people/Ben/85_.png
1,./people/Ben/175_.png
1,./people/Ben/114_.png
1,./people/Ben/122_.png
1,./people/Ben/69_.png
1,./people/Ben/2_.png
1,./people/Ben/71_.png
1,./people/Ben/178_.png
1,./people/Ben/101_.png
1,./people/Ben/174_.png
1,./people/Ben/145_.png
1,./people/Ben/89_.png
1,./people/Ben/104_.png
1,./people/Ben/54_.png
1,./people/Ben/96_.png
1,./people/Ben/119_.png
1,./people/Ben/98_.png
1,./people/Ben/172_.png
1,./people/Ben/188_.png
1,./people/Ben/129_.png
1,./people/Ben/140_.png
1,./people/Ben/110_.png
1,./people/Ben/17_.png
1,./people/Ben/93_.png
1,./people/Ben/57_.png
1,./people/Ben/116_.png
1,./people/Ben/8_.png
1,./people/Ben/185_.png
1,./people/Ben/142_.png
1,./people/Ben/25_.png
1,./people/Ben/160_.png
1,./people/Ben/153_.png
1,./people/Ben/80_.png
1,./people/Ben/134_.png
1,./people/Ben/65_.png
1,./people/Ben/4_.png
1,./people/Ben/68_.png
1,./people/Ben/167_.png
1,./people/Ben/180_.png
1,./people/Ben/26_.png
1,./people/Ben/73_.png
1,./people/Ben/165_.png
1,./people/Ben/53_.png
1,./people/Ben/128_.png
1,./people/Ben/46_.png
1,./people/Ben/19_.png
1,./people/Ben/76_.png
1,./people/Ben/78_.png
1,./people/Ben/58_.png
1,./people/Ben/105_.png
1,./people/Ben/170_.png
1,./people/Ben/154_.png
1,./people/Ben/30_.png
1,./people/Ben/34_.png
1,./people/Ben/115_.png
1,./people/Ben/81_.png
1,./people/Ben/193_.png
1,./people/Ben/22_.png
1,./people/Ben/39_.png
1,./people/Ben/198_.png
1,./people/Ben/38_.png
1,./people/Ben/163_.png
1,./people/Ben/102_.png
1,./people/Ben/162_.png
1,./people/Ben/59_.png
1,./people/Ben/120_.png
1,./people/Ben/150_.png
1,./people/Ben/125_.png
1,./people/Ben/79_.png
1,./people/Ben/127_.png
1,./people/Ben/12_.png
1,./people/Ben/133_.png
1,./people/Ben/171_.png
1,./people/Ben/126_.png
1,./people/Ben/32_.png
1,./people/Ben/194_.png
1,./people/Ben/130_.png
1,./people/Ben/143_.png
1,./people/Ben/9_.png
1,./people/Ben/29_.png
1,./people/Ben/97_.png
1,./people/Ben/141_.png
1,./people/Ben/195_.png
1,./people/Ben/132_.png
1,./people/Ben/77_.png
1,./people/Ben/67_.png
1,./people/Ben/144_.png
1,./people/Ben/103_.png
1,./people/Ben/63_.png
1,./people/Ben/168_.png
1,./people/Ben/52_.png
1,./people/Ben/87_.png
1,./people/Ben/86_.png
1,./people/Ben/157_.png
1,./people/Ben/183_.png
1,./people/Ben/37_.png
1,./people/Ben/42_.png
1,./people/Ben/91_.png
1,./people/Ben/75_.png
1,./people/Ben/169_.png
1,./people/Ben/184_.png
1,./people/Ben/173_.png
1,./people/Ben/83_.png
1,./people/Ben/5_.png
1,./people/Ben/16_.png
1,./people/Ben/155_.png
1,./people/Ben/131_.png
1,./people/Ben/24_.png
1,./people/Ben/107_.png
1,./people/Ben/156_.png
1,./people/Ben/196_.png
1,./people/Ben/6_.png
1,./people/Ben/187_.png
1,./people/Ben/74_.png
1,./people/Ben/45_.png
1,./people/Ben/181_.png
1,./people/Ben/7_.png
1,./people/Ben/179_.png
1,./people/Ben/70_.png
1,./people/Ben/138_.png
1,./people/Ben/139_.png
1,./people/Ben/158_.png
1,./people/Ben/62_.png
1,./people/Ben/135_.png
1,./people/Ben/92_.png
1,./people/Ben/0_.png
1,./people/Ben/20_.png
1,./people/Ben/186_.png
1,./people/Ben/11_.png
1,./people/Ben/192_.png
1,./people/Ben/82_.png
1,./people/Ben/55_.png
1,./people/Ben/177_.png
1,./people/Ben/90_.png
1,./people/Ben/148_.png
1,./people/Ben/112_.png
1,./people/Ben/60_.png
1,./people/Ben/44_.png
1,./people/Ben/28_.png
1,./people/Ben/113_.png
1,./people/Ben/21_.png
1,./people/Ben/159_.png
1,./people/Ben/117_.png
1,./people/Ben/84_.png
1,./people/Ben/3_.png
1,./people/Ben/147_.png
2,./people/Michael/128_.png
2,./people/Michael/19_.png
2,./people/Michael/131_.png
2,./people/Michael/153_.png
2,./people/Michael/149_.png
2,./people/Michael/37_.png
2,./people/Michael/85_.png
2,./people/Michael/120_.png
2,./people/Michael/122_.png
2,./people/Michael/194_.png
2,./people/Michael/171_.png
2,./people/Michael/160_.png
2,./people/Michael/59_.png
2,./people/Michael/1_.png
2,./people/Michael/132_.png
2,./people/Michael/77_.png
2,./people/Michael/162_.png
2,./people/Michael/73_.png
2,./people/Michael/144_.png
2,./people/Michael/165_.png
2,./people/Michael/103_.png
2,./people/Michael/177_.png
2,./people/Michael/93_.png
2,./people/Michael/84_.png
2,./people/Michael/89_.png
2,./people/Michael/62_.png
2,./people/Michael/140_.png
2,./people/Michael/30_.png
2,./people/Michael/105_.png
2,./people/Michael/191_.png
2,./people/Michael/108_.png
2,./people/Michael/82_.png
2,./people/Michael/185_.png
2,./people/Michael/130_.png
2,./people/Michael/28_.png
2,./people/Michael/57_.png
2,./people/Michael/126_.png
2,./people/Michael/136_.png
2,./people/Michael/195_.png
2,./people/Michael/124_.png
2,./people/Michael/56_.png
2,./people/Michael/190_.png
2,./people/Michael/97_.png
2,./people/Michael/150_.png
2,./people/Michael/172_.png
2,./people/Michael/134_.png
2,./people/Michael/127_.png
2,./people/Michael/90_.png
2,./people/Michael/95_.png
2,./people/Michael/0_.png
2,./people/Michael/184_.png
2,./people/Michael/4_.png
2,./people/Michael/51_.png
2,./people/Michael/169_.png
2,./people/Michael/68_.png
2,./people/Michael/58_.png
2,./people/Michael/110_.png
2,./people/Michael/50_.png
2,./people/Michael/32_.png
2,./people/Michael/98_.png
2,./people/Michael/22_.png
2,./people/Michael/199_.png
2,./people/Michael/181_.png
2,./people/Michael/3_.png
2,./people/Michael/11_.png
2,./people/Michael/70_.png
2,./people/Michael/116_.png
2,./people/Michael/83_.png
2,./people/Michael/7_.png
2,./people/Michael/158_.png
2,./people/Michael/156_.png
2,./people/Michael/163_.png
2,./people/Michael/35_.png
2,./people/Michael/147_.png
2,./people/Michael/36_.png
2,./people/Michael/86_.png
2,./people/Michael/92_.png
2,./people/Michael/109_.png
2,./people/Michael/33_.png
2,./people/Michael/174_.png
2,./people/Michael/26_.png
2,./people/Michael/41_.png
2,./people/Michael/193_.png
2,./people/Michael/188_.png
2,./people/Michael/79_.png
2,./people/Michael/133_.png
2,./people/Michael/114_.png
2,./people/Michael/186_.png
2,./people/Michael/25_.png
2,./people/Michael/135_.png
2,./people/Michael/152_.png
2,./people/Michael/23_.png
2,./people/Michael/164_.png
2,./people/Michael/43_.png
2,./people/Michael/71_.png
2,./people/Michael/142_.png
2,./people/Michael/143_.png
2,./people/Michael/80_.png
2,./people/Michael/40_.png
2,./people/Michael/112_.png
2,./people/Michael/146_.png
2,./people/Michael/102_.png
2,./people/Michael/78_.png
2,./people/Michael/139_.png
2,./people/Michael/49_.png
2,./people/Michael/67_.png
2,./people/Michael/75_.png
2,./people/Michael/72_.png
2,./people/Michael/44_.png
2,./people/Michael/74_.png
2,./people/Michael/88_.png
2,./people/Michael/42_.png
2,./people/Michael/27_.png
2,./people/Michael/129_.png
2,./people/Michael/137_.png
2,./people/Michael/196_.png
2,./people/Michael/123_.png
2,./people/Michael/99_.png
2,./people/Michael/183_.png
2,./people/Michael/6_.png
2,./people/Michael/159_.png
2,./people/Michael/157_.png
2,./people/Michael/52_.png
2,./people/Michael/9_.png
2,./people/Michael/148_.png
2,./people/Michael/12_.png
2,./people/Michael/187_.png
2,./people/Michael/118_.png
2,./people/Michael/45_.png
2,./people/Michael/176_.png
2,./people/Michael/54_.png
2,./people/Michael/178_.png
2,./people/Michael/21_.png
2,./people/Michael/69_.png
2,./people/Michael/81_.png
2,./people/Michael/166_.png
2,./people/Michael/117_.png
2,./people/Michael/76_.png
2,./people/Michael/38_.png
2,./people/Michael/34_.png
2,./people/Michael/101_.png
2,./people/Michael/175_.png
2,./people/Michael/182_.png
2,./people/Michael/179_.png
2,./people/Michael/17_.png
2,./people/Michael/91_.png
2,./people/Michael/170_.png
2,./people/Michael/107_.png
2,./people/Michael/141_.png
2,./people/Michael/168_.png
2,./people/Michael/2_.png
2,./people/Michael/15_.png
2,./people/Michael/111_.png
2,./people/Michael/66_.png
2,./people/Michael/24_.png
2,./people/Michael/198_.png
2,./people/Michael/87_.png
2,./people/Michael/161_.png
2,./people/Michael/8_.png
2,./people/Michael/192_.png
2,./people/Michael/53_.png
2,./people/Michael/20_.png
2,./people/Michael/125_.png
2,./people/Michael/31_.png
2,./people/Michael/60_.png
2,./people/Michael/151_.png
2,./people/Michael/189_.png
2,./people/Michael/63_.png
2,./people/Michael/47_.png
2,./people/Michael/106_.png
2,./people/Michael/14_.png
2,./people/Michael/104_.png
2,./people/Michael/29_.png
2,./people/Michael/10_.png
2,./people/Michael/18_.png
2,./people/Michael/64_.png
2,./people/Michael/100_.png
2,./people/Michael/96_.png
2,./people/Michael/167_.png
2,./people/Michael/13_.png
2,./people/Michael/155_.png
2,./people/Michael/121_.png
2,./people/Michael/154_.png
2,./people/Michael/94_.png
2,./people/Michael/48_.png
2,./people/Michael/119_.png
2,./people/Michael/173_.png
2,./people/Michael/115_.png
2,./people/Michael/61_.png
2,./people/Michael/55_.png
2,./people/Michael/16_.png
2,./people/Michael/138_.png
2,./people/Michael/39_.png
2,./people/Michael/46_.png
2,./people/Michael/197_.png
2,./people/Michael/180_.png
2,./people/Michael/65_.png
2,./people/Michael/113_.png
2,./people/Michael/5_.png
2,./people/Michael/145_.png
3,./people/Adam/105_.png
3,./people/Adam/9_.png
3,./people/Adam/11_.png
3,./people/Adam/73_.png
3,./people/Adam/141_.png
3,./people/Adam/153_.png
3,./people/Adam/180_.png
3,./people/Adam/114_.png
3,./people/Adam/57_.png
3,./people/Adam/76_.png
3,./people/Adam/58_.png
3,./people/Adam/196_.png
3,./people/Adam/111_.png
3,./people/Adam/104_.png
3,./people/Adam/179_.png
3,./people/Adam/134_.png
3,./people/Adam/102_.png
3,./people/Adam/65_.png
3,./people/Adam/107_.png
3,./people/Adam/194_.png
3,./people/Adam/174_.png
3,./people/Adam/20_.png
3,./people/Adam/90_.png
3,./people/Adam/138_.png
3,./people/Adam/195_.png
3,./people/Adam/109_.png
3,./people/Adam/19_.png
3,./people/Adam/176_.png
3,./people/Adam/81_.png
3,./people/Adam/95_.png
3,./people/Adam/163_.png
3,./people/Adam/10_.png
3,./people/Adam/36_.png
3,./people/Adam/37_.png
3,./people/Adam/77_.png
3,./people/Adam/156_.png
3,./people/Adam/86_.png
3,./people/Adam/143_.png
3,./people/Adam/48_.png
3,./people/Adam/84_.png
3,./people/Adam/94_.png
3,./people/Adam/113_.png
3,./people/Adam/23_.png
3,./people/Adam/168_.png
3,./people/Adam/188_.png
3,./people/Adam/16_.png
3,./people/Adam/54_.png
3,./people/Adam/24_.png
3,./people/Adam/189_.png
3,./people/Adam/21_.png
3,./people/Adam/5_.png
3,./people/Adam/122_.png
3,./people/Adam/119_.png
3,./people/Adam/68_.png
3,./people/Adam/87_.png
3,./people/Adam/78_.png
3,./people/Adam/31_.png
3,./people/Adam/100_.png
3,./people/Adam/30_.png
3,./people/Adam/199_.png
3,./people/Adam/7_.png
3,./people/Adam/66_.png
3,./people/Adam/127_.png
3,./people/Adam/4_.png
3,./people/Adam/148_.png
3,./people/Adam/91_.png
3,./people/Adam/18_.png
3,./people/Adam/116_.png
3,./people/Adam/88_.png
3,./people/Adam/123_.png
3,./people/Adam/74_.png
3,./people/Adam/14_.png
3,./people/Adam/162_.png
3,./people/Adam/85_.png
3,./people/Adam/72_.png
3,./people/Adam/75_.png
3,./people/Adam/22_.png
3,./people/Adam/120_.png
3,./people/Adam/17_.png
3,./people/Adam/15_.png
3,./people/Adam/129_.png
3,./people/Adam/45_.png
3,./people/Adam/137_.png
3,./people/Adam/25_.png
3,./people/Adam/83_.png
3,./people/Adam/126_.png
3,./people/Adam/43_.png
3,./people/Adam/13_.png
3,./people/Adam/28_.png
3,./people/Adam/47_.png
3,./people/Adam/161_.png
3,./people/Adam/144_.png
3,./people/Adam/51_.png
3,./people/Adam/159_.png
3,./people/Adam/147_.png
3,./people/Adam/150_.png
3,./people/Adam/142_.png
3,./people/Adam/110_.png
3,./people/Adam/101_.png
3,./people/Adam/170_.png
3,./people/Adam/33_.png
3,./people/Adam/96_.png
3,./people/Adam/89_.png
3,./people/Adam/187_.png
3,./people/Adam/167_.png
3,./people/Adam/92_.png
3,./people/Adam/157_.png
3,./people/Adam/49_.png
3,./people/Adam/62_.png
3,./people/Adam/131_.png
3,./people/Adam/177_.png
3,./people/Adam/69_.png
3,./people/Adam/103_.png
3,./people/Adam/186_.png
3,./people/Adam/193_.png
3,./people/Adam/184_.png
3,./people/Adam/158_.png
3,./people/Adam/97_.png
3,./people/Adam/63_.png
3,./people/Adam/38_.png
3,./people/Adam/154_.png
3,./people/Adam/115_.png
3,./people/Adam/175_.png
3,./people/Adam/192_.png
3,./people/Adam/60_.png
3,./people/Adam/182_.png
3,./people/Adam/197_.png
3,./people/Adam/145_.png
3,./people/Adam/152_.png
3,./people/Adam/146_.png
3,./people/Adam/108_.png
3,./people/Adam/6_.png
3,./people/Adam/172_.png
3,./people/Adam/140_.png
3,./people/Adam/56_.png
3,./people/Adam/171_.png
3,./people/Adam/185_.png
3,./people/Adam/164_.png
3,./people/Adam/151_.png
3,./people/Adam/34_.png
3,./people/Adam/125_.png
3,./people/Adam/71_.png
3,./people/Adam/133_.png
3,./people/Adam/0_.png
3,./people/Adam/165_.png
3,./people/Adam/61_.png
3,./people/Adam/82_.png
3,./people/Adam/35_.png
3,./people/Adam/183_.png
3,./people/Adam/44_.png
3,./people/Adam/128_.png
3,./people/Adam/160_.png
3,./people/Adam/112_.png
3,./people/Adam/99_.png
3,./people/Adam/135_.png
3,./people/Adam/136_.png
3,./people/Adam/52_.png
3,./people/Adam/166_.png
3,./people/Adam/98_.png
3,./people/Adam/64_.png
3,./people/Adam/149_.png
3,./people/Adam/178_.png
3,./people/Adam/155_.png
3,./people/Adam/29_.png
3,./people/Adam/3_.png
3,./people/Adam/169_.png
3,./people/Adam/191_.png
3,./people/Adam/124_.png
3,./people/Adam/39_.png
3,./people/Adam/79_.png
3,./people/Adam/32_.png
3,./people/Adam/12_.png
3,./people/Adam/190_.png
3,./people/Adam/118_.png
3,./people/Adam/46_.png
3,./people/Adam/132_.png
3,./people/Adam/67_.png
3,./people/Adam/80_.png
3,./people/Adam/121_.png
3,./people/Adam/1_.png
3,./people/Adam/42_.png
3,./people/Adam/106_.png
3,./people/Adam/26_.png
3,./people/Adam/53_.png
3,./people/Adam/117_.png
3,./people/Adam/55_.png
3,./people/Adam/198_.png
3,./people/Adam/8_.png
3,./people/Adam/93_.png
3,./people/Adam/2_.png
3,./people/Adam/130_.png
3,./people/Adam/27_.png
3,./people/Adam/173_.png
3,./people/Adam/70_.png
3,./people/Adam/181_.png
3,./people/Adam/139_.png
3,./people/Adam/59_.png
3,./people/Adam/50_.png
3,./people/Adam/40_.png
3,./people/Adam/41_.png
